Region Index,Level_5,Level_4,Level_3,Level_2,Level_1
1,SFG_L,SFG_L,Frontal_L,CerebralCortex_L,Telencephalon_L
2,SFG_R,SFG_R,Frontal_R,CerebralCortex_R,Telencephalon_R
3,SFG_PFC_L,SFG_L,Frontal_L,CerebralCortex_L,Telencephalon_L
4,SFG_PFC_R,SFG_R,Frontal_R,CerebralCortex_R,Telencephalon_R
5,SFG_pole_L,SFG_L,Frontal_L,CerebralCortex_L,Telencephalon_L
6,SFG_pole_R,SFG_R,Frontal_R,CerebralCortex_R,Telencephalon_R
7,MFG_L,MFG_L,Frontal_L,CerebralCortex_L,Telencephalon_L
8,MFG_R,MFG_R,Frontal_R,CerebralCortex_R,Telencephalon_R
9,MFG_DPFC_L,MFG_L,Frontal_L,CerebralCortex_L,Telencephalon_L
10,MFG_DPFC_R,MFG_R,Frontal_R,CerebralCortex_R,Telencephalon_R
11,IFG_opercularis_L,IFG_L,Frontal_L,CerebralCortex_L,Telencephalon_L
12,IFG_opercularis_R,IFG_R,Frontal_R,CerebralCortex_R,Telencephalon_R
13,IFG_orbitalis_L,IFG_L,Frontal_L,CerebralCortex_L,Telencephalon_L
14,IFG_orbitalis_R,IFG_R,Frontal_R,CerebralCortex_R,Telencephalon_R
15,IFG_triangularis_L,IFG_L,Frontal_L,CerebralCortex_L,Telencephalon_L
16,IFG_triangularis_R,IFG_R,Frontal_R,CerebralCortex_R,Telencephalon_R
17,LFOG_L,OG_L,Frontal_L,CerebralCortex_L,Telencephalon_L
18,LFOG_R,OG_R,Frontal_R,CerebralCortex_R,Telencephalon_R
19,MFOG_L,OG_L,Frontal_L,CerebralCortex_L,Telencephalon_L
20,MFOG_R,OG_R,Frontal_R,CerebralCortex_R,Telencephalon_R
21,RG_L,RG_L,Frontal_L,CerebralCortex_L,Telencephalon_L
22,RG_R,RG_R,Frontal_R,CerebralCortex_R,Telencephalon_R
23,PoCG_L,PoCG_L,Parietal_L,CerebralCortex_L,Telencephalon_L
24,PoCG_R,PoCG_R,Parietal_R,CerebralCortex_R,Telencephalon_R
25,PrCG_L,PrCG_L,Frontal_L,CerebralCortex_L,Telencephalon_L
26,PrCG_R,PrCG_R,Frontal_R,CerebralCortex_R,Telencephalon_R
27,SPG_L,SPG_L,Parietal_L,CerebralCortex_L,Telencephalon_L
28,SPG_R,SPG_R,Parietal_R,CerebralCortex_R,Telencephalon_R
29,SMG_L,SMG_L,Parietal_L,CerebralCortex_L,Telencephalon_L
30,SMG_R,SMG_R,Parietal_R,CerebralCortex_R,Telencephalon_R
31,AG_L,AG_L,Parietal_L,CerebralCortex_L,Telencephalon_L
32,AG_R,AG_R,Parietal_R,CerebralCortex_R,Telencephalon_R
33,PrCu_L,PrCu_L,Parietal_L,CerebralCortex_L,Telencephalon_L
34,PrCu_R,PrCu_R,Parietal_R,CerebralCortex_R,Telencephalon_R
35,STG_L,STG_L,Temporal_L,CerebralCortex_L,Telencephalon_L
36,STG_R,STG_R,Temporal_R,CerebralCortex_R,Telencephalon_R
37,STG_L_pole,STG_L,Temporal_L,CerebralCortex_L,Telencephalon_L
38,STG_R_pole,STG_R,Temporal_R,CerebralCortex_R,Telencephalon_R
39,MTG_L,MTG_L,Temporal_L,CerebralCortex_L,Telencephalon_L
40,MTG_R,MTG_R,Temporal_R,CerebralCortex_R,Telencephalon_R
41,MTG_L_pole,MTG_L,Temporal_L,CerebralCortex_L,Telencephalon_L
42,MTG_R_pole,MTG_R,Temporal_R,CerebralCortex_R,Telencephalon_R
43,ITG_L,ITG_L,Temporal_L,CerebralCortex_L,Telencephalon_L
44,ITG_R,ITG_R,Temporal_R,CerebralCortex_R,Telencephalon_R
45,PHG_L,Limbic_L,Limbic_L,CerebralCortex_L,Telencephalon_L
46,PHG_R,Limbic_R,Limbic_R,CerebralCortex_R,Telencephalon_R
47,ENT_L,Limbic_L,Limbic_L,CerebralCortex_L,Telencephalon_L
48,ENT_R,Limbic_R,Limbic_R,CerebralCortex_R,Telencephalon_R
49,FuG_L,FuG_L,Temporal_L,CerebralCortex_L,Telencephalon_L
50,FuG_R,FuG_R,Temporal_R,CerebralCortex_R,Telencephalon_R
51,SOG_L,SOG_L,Occipital_L,CerebralCortex_L,Telencephalon_L
52,SOG_R,SOG_R,Occipital_R,CerebralCortex_R,Telencephalon_R
53,MOG_L,MOG_L,Occipital_L,CerebralCortex_L,Telencephalon_L
54,MOG_R,MOG_R,Occipital_R,CerebralCortex_R,Telencephalon_R
55,IOG_L,IOG_L,Occipital_L,CerebralCortex_L,Telencephalon_L
56,IOG_R,IOG_R,Occipital_R,CerebralCortex_R,Telencephalon_R
57,Cu_L,Cu_L,Occipital_L,CerebralCortex_L,Telencephalon_L
58,Cu_R,Cu_R,Occipital_R,CerebralCortex_R,Telencephalon_R
59,LG_L,LG_L,Occipital_L,CerebralCortex_L,Telencephalon_L
60,LG_R,LG_R,Occipital_R,CerebralCortex_R,Telencephalon_R
61,rostral_ACC_L,Cingulate_L,Limbic_L,CerebralCortex_L,Telencephalon_L
62,rostral_ACC_R,Cingulate_R,Limbic_R,CerebralCortex_R,Telencephalon_R
63,subcallosal_ACC_L,Cingulate_L,Limbic_L,CerebralCortex_L,Telencephalon_L
64,subcallosal_ACC_R,Cingulate_R,Limbic_R,CerebralCortex_R,Telencephalon_R
65,subgenual_ACC_L,Cingulate_L,Limbic_L,CerebralCortex_L,Telencephalon_L
66,subgenual_ACC_R,Cingulate_R,Limbic_R,CerebralCortex_R,Telencephalon_R
67,dorsal_ACC_L,Cingulate_L,Limbic_L,CerebralCortex_L,Telencephalon_L
68,dorsal_ACC_R,Cingulate_R,Limbic_R,CerebralCortex_R,Telencephalon_R
69,PCC_L,Cingulate_L,Limbic_L,CerebralCortex_L,Telencephalon_L
70,PCC_R,Cingulate_R,Limbic_R,CerebralCortex_R,Telencephalon_R
71,Insula_L,Insula_L,Insula_L,CerebralCortex_L,Telencephalon_L
72,Insula_R,Insula_R,Insula_R,CerebralCortex_R,Telencephalon_R
73,Amyg_L,Amyg_L,Limbic_L,CerebralNucli_L,Telencephalon_L
74,Amyg_R,Amyg_R,Limbic_R,CerebralNucli_R,Telencephalon_R
75,Hippo_L,Hippo_L,Limbic_L,CerebralCortex_L,Telencephalon_L
76,Hippo_R,Hippo_R,Limbic_R,CerebralCortex_R,Telencephalon_R
77,Caud_L,Caud_L,BasalGang_L,CerebralNucli_L,Telencephalon_L
78,Caud_R,Caud_R,BasalGang_R,CerebralNucli_R,Telencephalon_R
79,Put_L,Put_L,BasalGang_L,CerebralNucli_L,Telencephalon_L
80,Put_R,Put_R,BasalGang_R,CerebralNucli_R,Telencephalon_R
81,GP_L,GP_L,BasalGang_L,CerebralNucli_L,Telencephalon_L
82,GP_R,GP_R,BasalGang_R,CerebralNucli_R,Telencephalon_R
83,Thalamus_L,Thalamus_L,Thalamus_L,Thalamus_L,Diencephalon_L
84,Thalamus_R,Thalamus_R,Thalamus_R,Thalamus_R,Diencephalon_R
85,HypoThalamus_L,BasalForebrain_L,BasalForebrain_L,BasalForebrain_L,Diencephalon_L
86,HypoThalamus_R,BasalForebrain_R,BasalForebrain_R,BasalForebrain_R,Diencephalon_R
87,BasalForebrain_L,BasalForebrain_L,BasalForebrain_L,BasalForebrain_L,Diencephalon_L
88,BasalForebrain_R,BasalForebrain_R,BasalForebrain_R,BasalForebrain_R,Diencephalon_R
89,NucAccumbens_L,BasalForebrain_L,BasalGang_L,CerebralNucli_L,Telencephalon_L
90,NucAccumbens_R,BasalForebrain_R,BasalGang_R,CerebralNucli_R,Telencephalon_R
91,RedNc_L,midbrain_L,midbrain_L,Mesencephalon_L,Mesencephalon
92,RedNc_R,midbrain_R,midbrain_R,Mesencephalon_R,Mesencephalon
93,Snigra_L,midbrain_L,midbrain_L,Mesencephalon_L,Mesencephalon
94,Snigra_R,midbrain_R,midbrain_R,Mesencephalon_R,Mesencephalon
95,CerebellumGM_R,Cerebellum_R,Cerebellum_R,Metencephalon_R,Metencephalon
96,CerebellumGM_L,Cerebellum_L,Cerebellum_L,Metencephalon_L,Metencephalon
97,CP_L,midbrain_L,midbrain_L,Mesencephalon_L,Mesencephalon
98,CP_R,midbrain_R,midbrain_R,Mesencephalon_R,Mesencephalon
99,Midbrain_L,midbrain_L,midbrain_L,Mesencephalon_L,Mesencephalon
100,Midbrain_R,midbrain_R,midbrain_R,Mesencephalon_R,Mesencephalon
101,CST_L,Pons_L,Pons_L,Metencephalon_L,Metencephalon
102,CST_R,Pons_R,Pons_R,Metencephalon_R,Metencephalon
103,SCP_L,Pons_L,Pons_L,Metencephalon_L,Metencephalon
104,SCP_R,Pons_R,Pons_R,Metencephalon_R,Metencephalon
105,MCP_L,Pons_L,Pons_L,Metencephalon_L,Metencephalon
106,MCP_R,Pons_R,Pons_R,Metencephalon_R,Metencephalon
107,PCT_L,Pons_L,Pons_L,Metencephalon_L,Metencephalon
108,PCT_R,Pons_R,Pons_R,Metencephalon_R,Metencephalon
109,ICP_L,Medulla_L,Medulla_L,Myelencephalon_L,Myelencephalon
110,ICP_R,Medulla_R,Medulla_R,Myelencephalon_R,Myelencephalon
111,ML_L,Pons_L,Pons_L,Metencephalon_L,Metencephalon
112,ML_R,Pons_R,Pons_R,Metencephalon_R,Metencephalon
113,Pons_L,Pons_L,Pons_L,Metencephalon_L,Metencephalon
114,Pons_R,Pons_R,Pons_R,Metencephalon_R,Metencephalon
115,Medulla_L,Medulla_L,Medulla_L,Myelencephalon_L,Myelencephalon
116,Medulla_R,Medulla_R,Medulla_R,Myelencephalon_R,Myelencephalon
117,ACR_L,ant_DPWM_L,AnteriorWM_L,WhiteMatter_L,Telencephalon_L
118,ACR_R,ant_DPWM_R,AnteriorWM_R,WhiteMatter_R,Telencephalon_R
119,SCR_L,ant_DPWM_L,AnteriorWM_L,WhiteMatter_L,Telencephalon_L
120,SCR_R,ant_DPWM_R,AnteriorWM_R,WhiteMatter_R,Telencephalon_R
121,PCR_L,post_DPWM_L,PosteriorWM_L,WhiteMatter_L,Telencephalon_L
122,PCR_R,post_DPWM_R,PosteriorWM_R,WhiteMatter_R,Telencephalon_R
123,GCC_L,GCC_L,CorpusCallosum_L,WhiteMatter_L,Telencephalon_L
124,GCC_R,GCC_R,CorpusCallosum_R,WhiteMatter_R,Telencephalon_R
125,BCC_L,BCC_L,CorpusCallosum_L,WhiteMatter_L,Telencephalon_L
126,BCC_R,BCC_R,CorpusCallosum_R,WhiteMatter_R,Telencephalon_R
127,SCC_L,SCC_L,CorpusCallosum_L,WhiteMatter_L,Telencephalon_L
128,SCC_R,SCC_R,CorpusCallosum_R,WhiteMatter_R,Telencephalon_R
129,PVWl_L,PVA_posterior_L,InferiorWM_L,WhiteMatter_L,Telencephalon_L
130,PVWl_R,PVA_posterior_R,InferiorWM_R,WhiteMatter_R,Telencephalon_R
131,ALIC_L,ALIC_L,InferiorWM_L,WhiteMatter_L,Telencephalon_L
132,ALIC_R,ALIC_R,InferiorWM_R,WhiteMatter_R,Telencephalon_R
133,PLIC_L,PLIC_L,InferiorWM_L,WhiteMatter_L,Telencephalon_L
134,PLIC_R,PLIC_R,InferiorWM_R,WhiteMatter_R,Telencephalon_R
135,RLIC_L,inf_DPWM_L,InferiorWM_L,WhiteMatter_L,Telencephalon_L
136,RLIC_R,inf_DPWM_R,InferiorWM_R,WhiteMatter_R,Telencephalon_R
137,EC_L,inf_DPWM_L,InferiorWM_L,WhiteMatter_L,Telencephalon_L
138,EC_R,inf_DPWM_R,InferiorWM_R,WhiteMatter_R,Telencephalon_R
139,CGC_L,CGC_L,LimbicWM_L,WhiteMatter_L,Telencephalon_L
140,CGC_R,CGC_R,LimbicWM_R,WhiteMatter_R,Telencephalon_R
141,CGH_L,CGH_L,LimbicWM_L,WhiteMatter_L,Telencephalon_L
142,CGH_R,CGH_R,LimbicWM_R,WhiteMatter_R,Telencephalon_R
143,Fx/ST_L,Fx/ST_L,LimbicWM_L,WhiteMatter_L,Telencephalon_L
144,Fx/ST_R,Fx/ST_R,LimbicWM_R,WhiteMatter_R,Telencephalon_R
145,Fx_L,Fx_L,LimbicWM_L,WhiteMatter_L,Telencephalon_L
146,Fx_R,Fx_R,LimbicWM_R,WhiteMatter_R,Telencephalon_R
147,IFO_L,inf_DPWM_L,InferiorWM_L,WhiteMatter_L,Telencephalon_L
148,IFO_R,inf_DPWM_R,InferiorWM_R,WhiteMatter_R,Telencephalon_R
149,PTR_L,inf_DPWM_L,InferiorWM_L,WhiteMatter_L,Telencephalon_L
150,PTR_R,inf_DPWM_R,InferiorWM_R,WhiteMatter_R,Telencephalon_R
151,SS_L,inf_DPWM_L,InferiorWM_L,WhiteMatter_L,Telencephalon_L
152,SS_R,inf_DPWM_R,InferiorWM_R,WhiteMatter_R,Telencephalon_R
153,SFO_L,ant_DPWM_L,AnteriorWM_L,WhiteMatter_L,Telencephalon_L
154,SFO_R,ant_DPWM_R,AnteriorWM_R,WhiteMatter_R,Telencephalon_R
155,SLF_L,PeripheralParietalWM_L,PosteriorWM_L,WhiteMatter_L,Telencephalon_L
156,SLF_R,PeripheralParietalWM_R,PosteriorWM_R,WhiteMatter_R,Telencephalon_R
157,Cl_L,BasalForebrain_L,BasalForebrain_L,BasalForebrain_L,Diencephalon_L
158,Cl_R,BasalForebrain_R,BasalForebrain_R,BasalForebrain_R,Diencephalon_R
159,BasalForebrain_L,BasalForebrain_L,BasalForebrain_L,BasalForebrain_L,Diencephalon_L
160,BasalForebrain_R,BasalForebrain_R,BasalForebrain_R,BasalForebrain_R,Diencephalon_R
161,BasalForebrain_L,BasalForebrain_L,BasalForebrain_L,BasalForebrain_L,Diencephalon_L
162,BasalForebrain_R,BasalForebrain_R,BasalForebrain_R,BasalForebrain_R,Diencephalon_R
163,BasalForebrain_L,BasalForebrain_L,BasalForebrain_L,BasalForebrain_L,Diencephalon_L
164,BasalForebrain_R,BasalForebrain_R,BasalForebrain_R,BasalForebrain_R,Diencephalon_R
165,BasalForebrain_L,BasalForebrain_L,BasalForebrain_L,BasalForebrain_L,Diencephalon_L
166,BasalForebrain_R,BasalForebrain_R,BasalForebrain_R,BasalForebrain_R,Diencephalon_R
167,Mammillary_R,BasalForebrain_R,BasalForebrain_R,BasalForebrain_R,Diencephalon_R
168,Mammillary_L,BasalForebrain_L,BasalForebrain_L,BasalForebrain_L,Diencephalon_L
169,LV_Frontal_L,AnteriorLateralVentricle_L,LateralVentricle_L,Ventricle,CSF
170,LV_body_L,AnteriorLateralVentricle_L,LateralVentricle_L,Ventricle,CSF
171,LV_atrium_L,PosteriorLateralVentricle_L,LateralVentricle_L,Ventricle,CSF
172,LV_Occipital_L,PosteriorLateralVentricle_L,LateralVentricle_L,Ventricle,CSF
173,LV_Inferior_L,InferiorLateralVentricle_L,LateralVentricle_L,Ventricle,CSF
174,LV_Frontal_R,AnteriorLateralVentricle_L,LateralVentricle_R,Ventricle,CSF
175,LV_body_R,AnteriorLateralVentricle_R,LateralVentricle_R,Ventricle,CSF
176,LV_atrium_R,PosteriorLateralVentricle_R,LateralVentricle_R,Ventricle,CSF
177,LV_Occipital_R,PosteriorLateralVentricle_R,LateralVentricle_R,Ventricle,CSF
178,LV_Inferior_R,InferiorLateralVentricle_R,LateralVentricle_R,Ventricle,CSF
179,III_and_IV_ventricle,IIIandIV_Ventricle,IIIandIV_Ventricle,Ventricle,CSF
180,PVWa_L,PVA_anterior_L,AnteriorWM_L,WhiteMatter_L,Telencephalon_L
181,PVWa_R,PVA_anterior_R,AnteriorWM_R,WhiteMatter_R,Telencephalon_R
182,PVWp_L,PVA_posterior_L,PosteriorWM_L,WhiteMatter_L,Telencephalon_L
183,PVWp_R,PVA_posterior_R,PosteriorWM_R,WhiteMatter_R,Telencephalon_R
184,SFWM_L,PeripheralFrontalWM_L,AnteriorWM_L,WhiteMatter_L,Telencephalon_L
185,SFWM_R,PeripheralFrontalWM_R,AnteriorWM_R,WhiteMatter_R,Telencephalon_R
186,SFWM_PFC_L,PeripheralFrontalWM_L,AnteriorWM_L,WhiteMatter_L,Telencephalon_L
187,SFWM_PFC_R,PeripheralFrontalWM_R,AnteriorWM_R,WhiteMatter_R,Telencephalon_R
188,SFWM_pole_L,PeripheralFrontalWM_L,AnteriorWM_L,WhiteMatter_L,Telencephalon_L
189,SFWM_pole_R,PeripheralFrontalWM_R,AnteriorWM_R,WhiteMatter_R,Telencephalon_R
190,MFWM_L,PeripheralFrontalWM_L,AnteriorWM_L,WhiteMatter_L,Telencephalon_L
191,MFWM_R,PeripheralFrontalWM_R,AnteriorWM_R,WhiteMatter_R,Telencephalon_R
192,MFWM_DPFC_L,PeripheralFrontalWM_L,AnteriorWM_L,WhiteMatter_L,Telencephalon_L
193,MFWM_DPFC_R,PeripheralFrontalWM_R,AnteriorWM_R,WhiteMatter_R,Telencephalon_R
194,IFWM_opercularis_L,PeripheralFrontalWM_L,AnteriorWM_L,WhiteMatter_L,Telencephalon_L
195,IFWM_opercularis_R,PeripheralFrontalWM_R,AnteriorWM_R,WhiteMatter_R,Telencephalon_R
196,IFWM_orbitalis_L,PeripheralFrontalWM_L,AnteriorWM_L,WhiteMatter_L,Telencephalon_L
197,IFWM_orbitalis_R,PeripheralFrontalWM_R,AnteriorWM_R,WhiteMatter_R,Telencephalon_R
198,IFWM_triangularis_L,PeripheralFrontalWM_L,AnteriorWM_L,WhiteMatter_L,Telencephalon_L
199,IFWM_triangularis_R,PeripheralFrontalWM_R,AnteriorWM_R,WhiteMatter_R,Telencephalon_R
200,LFOWM_L,PeripheralFrontalWM_L,AnteriorWM_L,WhiteMatter_L,Telencephalon_L
201,LFOWM_R,PeripheralFrontalWM_R,AnteriorWM_R,WhiteMatter_R,Telencephalon_R
202,MFOWM_L,PeripheralFrontalWM_L,AnteriorWM_L,WhiteMatter_L,Telencephalon_L
203,MFOWM_R,PeripheralFrontalWM_R,AnteriorWM_R,WhiteMatter_R,Telencephalon_R
204,RGWM_L,PeripheralFrontalWM_L,AnteriorWM_L,WhiteMatter_L,Telencephalon_L
205,RGWM_R,PeripheralFrontalWM_R,AnteriorWM_R,WhiteMatter_R,Telencephalon_R
206,PoCWM_L,PeripheralParietalWM_L,PosteriorWM_L,WhiteMatter_L,Telencephalon_L
207,PoCWM_R,PeripheralParietalWM_R,PosteriorWM_R,WhiteMatter_R,Telencephalon_R
208,PrCWM_L,PeripheralFrontalWM_L,AnteriorWM_L,WhiteMatter_L,Telencephalon_L
209,PrCWM_R,PeripheralFrontalWM_R,AnteriorWM_R,WhiteMatter_R,Telencephalon_R
210,SPWM_L,PeripheralParietalWM_L,PosteriorWM_L,WhiteMatter_L,Telencephalon_L
211,SPWM_R,PeripheralParietalWM_R,PosteriorWM_R,WhiteMatter_R,Telencephalon_R
212,SMWM_L,PeripheralParietalWM_L,PosteriorWM_L,WhiteMatter_L,Telencephalon_L
213,SMWM_R,PeripheralParietalWM_R,PosteriorWM_R,WhiteMatter_R,Telencephalon_R
214,AGWM_L,PeripheralParietalWM_L,PosteriorWM_L,WhiteMatter_L,Telencephalon_L
215,AGWM_R,PeripheralParietalWM_R,PosteriorWM_R,WhiteMatter_R,Telencephalon_R
216,PrCuWM_L,PeripheralParietalWM_L,PosteriorWM_L,WhiteMatter_L,Telencephalon_L
217,PrCuWM_R,PeripheralParietalWM_R,PosteriorWM_R,WhiteMatter_R,Telencephalon_R
218,STWM_L,PeripheralTemporalWM_L,InferiorWM_L,WhiteMatter_L,Telencephalon_L
219,STWM_R,PeripheralTemporalWM_R,InferiorWM_R,WhiteMatter_R,Telencephalon_R
220,STWM_L_pole,PeripheralTemporalWM_L,InferiorWM_L,WhiteMatter_L,Telencephalon_L
221,STWM_R_pole,PeripheralTemporalWM_R,InferiorWM_R,WhiteMatter_R,Telencephalon_R
222,MTWM_L,PeripheralTemporalWM_L,InferiorWM_L,WhiteMatter_L,Telencephalon_L
223,MTWM_R,PeripheralTemporalWM_R,InferiorWM_R,WhiteMatter_R,Telencephalon_R
224,MTWM_L_pole,PeripheralTemporalWM_L,InferiorWM_L,WhiteMatter_L,Telencephalon_L
225,MTWM_R_pole,PeripheralTemporalWM_R,InferiorWM_R,WhiteMatter_R,Telencephalon_R
226,ITWM_L,PeripheralTemporalWM_L,InferiorWM_L,WhiteMatter_L,Telencephalon_L
227,ITWM_R,PeripheralTemporalWM_R,InferiorWM_R,WhiteMatter_R,Telencephalon_R
228,FuWM_L,PeripheralTemporalWM_L,InferiorWM_L,WhiteMatter_L,Telencephalon_L
229,FuWM_R,PeripheralTemporalWM_R,InferiorWM_R,WhiteMatter_R,Telencephalon_R
230,SOWM_L,PeripheralOccipitalWM_L,PosteriorWM_L,WhiteMatter_L,Telencephalon_L
231,SOWM_R,PeripheralOccipitalWM_R,PosteriorWM_R,WhiteMatter_R,Telencephalon_R
232,MOWM_L,PeripheralOccipitalWM_L,PosteriorWM_L,WhiteMatter_L,Telencephalon_L
233,MOWM_R,PeripheralOccipitalWM_R,PosteriorWM_R,WhiteMatter_R,Telencephalon_R
234,IOWM_L,PeripheralOccipitalWM_L,PosteriorWM_L,WhiteMatter_L,Telencephalon_L
235,IOWM_R,PeripheralOccipitalWM_R,PosteriorWM_R,WhiteMatter_R,Telencephalon_R
236,CuWM_L,PeripheralOccipitalWM_L,PosteriorWM_L,WhiteMatter_L,Telencephalon_L
237,CuWM_R,PeripheralOccipitalWM_R,PosteriorWM_R,WhiteMatter_R,Telencephalon_R
238,LWM_L,PeripheralOccipitalWM_L,PosteriorWM_L,WhiteMatter_L,Telencephalon_L
239,LWM_R,PeripheralOccipitalWM_R,PosteriorWM_R,WhiteMatter_R,Telencephalon_R
240,rostralWM_ACC_L,PeripheralCingulateWM_L,LimbicWM_L,WhiteMatter_L,Telencephalon_L
241,rostralWM_ACC_R,PeripheralCingulateWM_R,LimbicWM_R,WhiteMatter_R,Telencephalon_R
242,subcallosalWM_ACC_L,PeripheralCingulateWM_L,LimbicWM_L,WhiteMatter_L,Telencephalon_L
243,subcallosalWM_ACC_R,PeripheralCingulateWM_R,LimbicWM_R,WhiteMatter_R,Telencephalon_R
244,subgenualWM_ACC_L,PeripheralCingulateWM_L,LimbicWM_L,WhiteMatter_L,Telencephalon_L
245,subgenualWM_ACC_R,PeripheralCingulateWM_R,LimbicWM_R,WhiteMatter_R,Telencephalon_R
246,dorsalWM_ACC_L,PeripheralCingulateWM_L,LimbicWM_L,WhiteMatter_L,Telencephalon_L
247,dorsalWM_ACC_R,PeripheralCingulateWM_R,LimbicWM_R,WhiteMatter_R,Telencephalon_R
248,PCCWM_L,PeripheralCingulateWM_L,LimbicWM_L,WhiteMatter_L,Telencephalon_L
249,PCCWM_R,PeripheralCingulateWM_R,LimbicWM_R,WhiteMatter_R,Telencephalon_R
250,CerebellumWM_R,CerebellumWM_R,Cerebellum_R,Metencephalon_R,Metencephalon
251,CerebellumWM_L,CerebellumWM_L,Cerebellum_L,Metencephalon_L,Metencephalon
252,MCP_cb_L,CerebellumWM_L,Cerebellum_L,Metencephalon_L,Metencephalon
253,MCP_cb_R,CerebellumWM_R,Cerebellum_R,Metencephalon_R,Metencephalon
254,ICP_pons_L,Pons_L,Pons_L,Metencephalon_L,Metencephalon
255,ICP_pons_R,Pons_R,Pons_R,Metencephalon_R,Metencephalon
256,FrontSul_L,FrontSul_L,FrontSul_L,Sulcus_L,CSF
257,FrontSul_R,FrontSul_R,FrontSul_R,Sulcus_R,CSF
258,CentralSul_L,CentralSul_L,CentralSul_L,Sulcus_L,CSF
259,CentralSul_R,CentralSul_R,CentralSul_R,Sulcus_R,CSF
260,SylFrontSul_L,SylFrontSul_L,SylvianFissureExt_L,Sulcus_L,CSF
261,SylFrontSul_R,SylFrontSul_R,SylvianFissureExt_R,Sulcus_R,CSF
262,SylTempSul_L,SylTempSul_L,SylvianFissureExt_L,Sulcus_L,CSF
263,SylTempSul_R,SylTempSul_R,SylvianFissureExt_R,Sulcus_R,CSF
264,SylParieSul_L,SylParieSul_L,SylvianFissureExt_L,Sulcus_L,CSF
265,SylParieSul_R,SylParieSul_R,SylvianFissureExt_R,Sulcus_R,CSF
266,ParietSul_L,ParietSul_L,ParietSul_L,Sulcus_L,CSF
267,ParietSul_R,ParietSul_R,ParietSul_R,Sulcus_R,CSF
268,CinguSul_L,CinguSul_L,CinguSul_L,Sulcus_L,CSF
269,CinguSul_R,CinguSul_R,CinguSul_R,Sulcus_R,CSF
270,OcciptSul_L,OcciptSul_L,OcciptSul_L,Sulcus_L,CSF
271,OcciptSul_R,OcciptSul_R,OcciptSul_R,Sulcus_R,CSF
272,TempSul_L,TempSul_L,TempSul_L,Sulcus_L,CSF
273,TempSul_R,TempSul_R,TempSul_R,Sulcus_R,CSF
274,Caudate_tail_L,Caudate_tail_L,BasalGang_L,CerebralNucli_L,Telencephalon_L
275,Fimbria_L,Hippo_L,Limbic_L,CerebralCortex_L,Telencephalon_L
276,Caudate_tail_R,Caudate_tail_R,BasalGang_R,CerebralNucli_R,Telencephalon_R
277,Fimbria_R,Hippo_R,Limbic_R,CerebralCortex_R,Telencephalon_R
278,Chroid_LVetc_L,AnteriorLateralVentricle_L,LateralVentricle_L,Ventricle,CSF
279,Chroid_LVetc_R,AnteriorLateralVentricle_R,LateralVentricle_R,Ventricle,CSF